Names,Contacts
1,31
1,65
2,61
2,65
3,10
4,16
5,16
6,44
7,44
8,16
9,44
10,15
10,16
10,24
10,25
10,27
10,35
10,36
10,39
10,42
10,43
10,44
10,45
10,51
10,57
10,60
10,63
10,65
11,51
12,51
13,16
14,44
16,19
16,22
16,24
16,28
16,35
16,40
16,41
16,44
16,46
16,48
16,50
16,51
16,58
16,60
16,65
17,51
18,44
20,29
20,65
21,30
21,56
21,65
23,44
25,51
26,44
27,51
29,65
30,65
31,65
32,44
33,51
34,44
37,51
38,51
40,51
44,49
44,51
44,55
44,59
44,65
47,51
51,52
51,53
51,54
51,57
51,62
51,64
51,65
56,65
61,65